<?xml version="1.0" encoding="utf-8"?>
<PRONOM-Report xmlns="http://pronom.nationalarchives.gov.uk">
  <report_format_detail>
    <FileFormat>
      <FormatID>105</FormatID>
      <FormatName>Microsoft Word for Macintosh Document</FormatName>
      <FormatVersion>4.0</FormatVersion>
      <FormatAliases>
      </FormatAliases>
      <FormatFamilies>
      </FormatFamilies>
      <FormatTypes>Word Processor</FormatTypes>
      <FormatDisclosure>
      </FormatDisclosure>
      <FormatDescription>This is an outline record only, and requires further details, research or authentication to provide information that will enable users to further understand the format and to assess digital preservation risks associated with it if appropriate. If you are able to help by supplying any additional information concerning this entry, please return to the main PRONOM page and select ‘Add an Entry’.</FormatDescription>
      <BinaryFileFormat>Text</BinaryFileFormat>
      <ByteOrders>
      </ByteOrders>
      <ReleaseDate>
      </ReleaseDate>
      <WithdrawnDate>
      </WithdrawnDate>
      <ProvenanceSourceID>1</ProvenanceSourceID>
      <ProvenanceName>Digital Preservation Department / The National Archives</ProvenanceName>
      <ProvenanceSourceDate>23 Sep 2003</ProvenanceSourceDate>
      <ProvenanceDescription>
      </ProvenanceDescription>
      <LastUpdatedDate>02 Aug 2005</LastUpdatedDate>
      <FormatNote>
      </FormatNote>
      <FormatRisk>
      </FormatRisk>
      <TechnicalEnvironment>
      </TechnicalEnvironment>
      <FileFormatIdentifier>
        <Identifier>com.microsoft.word.doc</Identifier>
        <IdentifierType>Apple Uniform Type Identifier</IdentifierType>
      </FileFormatIdentifier>
      <FileFormatIdentifier>
        <Identifier>x-fmt/64</Identifier>
        <IdentifierType>PUID</IdentifierType>
      </FileFormatIdentifier>
      <ExternalSignature>
        <ExternalSignatureID>99</ExternalSignatureID>
        <Signature>mcw</Signature>
        <SignatureType>File extension</SignatureType>
      </ExternalSignature>
      <InternalSignature>
        <SignatureID>486</SignatureID>
        <SignatureName>Microsoft Word for Macintosh Document 4.0</SignatureName>
        <SignatureNote>wIdent (2 bytes) (FE37h); nFib – version number of file format (2 bytes )(00C1h)</SignatureNote>
        <ByteSequence>
          <ByteSequenceID>603</ByteSequenceID>
          <PositionType>Absolute from BOF</PositionType>
          <Offset>0</Offset>
          <MaxOffset>
          </MaxOffset>
          <IndirectOffsetLocation>
          </IndirectOffsetLocation>
          <IndirectOffsetLength>
          </IndirectOffsetLength>
          <Endianness>
          </Endianness>
          <ByteSequenceValue>FE37001C</ByteSequenceValue>
        </ByteSequence>
      </InternalSignature>
      <RelatedFormat>
        <RelationshipType>Is previous version of</RelationshipType>
        <RelatedFormatID>106</RelatedFormatID>
        <RelatedFormatName>Microsoft Word for Macintosh Document</RelatedFormatName>
        <RelatedFormatVersion>5.0</RelatedFormatVersion>
      </RelatedFormat>
      <RelatedFormat>
        <RelationshipType>Is subsequent version of</RelationshipType>
        <RelatedFormatID>8</RelatedFormatID>
        <RelatedFormatName>Microsoft Word for Macintosh Document</RelatedFormatName>
        <RelatedFormatVersion>3.0</RelatedFormatVersion>
      </RelatedFormat>
      <RelatedFormat>
        <RelationshipType>Is subsequent version of</RelationshipType>
        <RelatedFormatID>1091</RelatedFormatID>
        <RelatedFormatName>Microsoft Word for Macintosh Document</RelatedFormatName>
        <RelatedFormatVersion>1.0</RelatedFormatVersion>
      </RelatedFormat>
    </FileFormat>
    <SearchCriteria>Criteria</SearchCriteria>
  </report_format_detail>
</PRONOM-Report>
