<?xml version="1.0" encoding="utf-8"?>
<PRONOM-Report xmlns="http://pronom.nationalarchives.gov.uk">
  <report_format_detail>
    <FileFormat>
      <FormatID>55</FormatID>
      <FormatName>OS/2 Bitmap</FormatName>
      <FormatVersion>1.0</FormatVersion>
      <FormatAliases>
      </FormatAliases>
      <FormatFamilies>
      </FormatFamilies>
      <FormatTypes>Image (Raster)</FormatTypes>
      <FormatDisclosure>
      </FormatDisclosure>
      <FormatDescription>PUID deprecated. Please see fmt/115 for information on OS/2 Bitmap 1.0 and Windows Bitmap 2.0.
The only difference between Windows bitmap 2.0 and OS/2 bitmap 1.0 is the data type of the width and height fields of the bitmap header – for Windows 2.0 bitmaps they are signed short integers, for OS/2 1.0 bitmaps they are unsigned shorts. For positive numbers the representation is the same. Consequently, the file formats cannot be distinguished with a file signature test. The PUID for OS/2 Bitmap 1.0 has therefore been deprecated.</FormatDescription>
      <BinaryFileFormat>Text</BinaryFileFormat>
      <ByteOrders>
      </ByteOrders>
      <ReleaseDate>
      </ReleaseDate>
      <WithdrawnDate>
      </WithdrawnDate>
      <ProvenanceSourceID>1</ProvenanceSourceID>
      <ProvenanceName>Digital Preservation Department / The National Archives</ProvenanceName>
      <ProvenanceSourceDate>02 Aug 2005</ProvenanceSourceDate>
      <ProvenanceDescription>
      </ProvenanceDescription>
      <LastUpdatedDate>11 Jul 2011</LastUpdatedDate>
      <FormatNote>
      </FormatNote>
      <FormatRisk>
      </FormatRisk>
      <TechnicalEnvironment>
      </TechnicalEnvironment>
      <FileFormatIdentifier>
        <Identifier>x-fmt/25</Identifier>
        <IdentifierType>PUID</IdentifierType>
      </FileFormatIdentifier>
      <RelatedFormat>
        <RelationshipType>Equivalent to</RelationshipType>
        <RelatedFormatID>728</RelatedFormatID>
        <RelatedFormatName>Windows Bitmap</RelatedFormatName>
        <RelatedFormatVersion>2.0</RelatedFormatVersion>
      </RelatedFormat>
    </FileFormat>
    <SearchCriteria>Criteria</SearchCriteria>
  </report_format_detail>
</PRONOM-Report>
