<?xml version="1.0" encoding="utf-8"?>
<PRONOM-Report xmlns="http://pronom.nationalarchives.gov.uk">
  <report_format_detail>
    <FileFormat>
      <FormatID>533</FormatID>
      <FormatName>Truevision TGA Bitmap</FormatName>
      <FormatVersion>1</FormatVersion>
      <FormatAliases>TGA, Targa Bitmap</FormatAliases>
      <FormatFamilies>
      </FormatFamilies>
      <FormatTypes>Image (Raster)</FormatTypes>
      <FormatDisclosure>
      </FormatDisclosure>
      <FormatDescription>This is an outline record only, and requires further details, research or authentication to provide information that will enable users to further understand the format and to assess digital preservation risks associated with it if appropriate. If you are able to help by supplying any additional information concerning this entry, please return to the main PRONOM page and select ‘Add an Entry’.</FormatDescription>
      <BinaryFileFormat>Text</BinaryFileFormat>
      <ByteOrders>
      </ByteOrders>
      <ReleaseDate>
      </ReleaseDate>
      <WithdrawnDate>
      </WithdrawnDate>
      <ProvenanceSourceID>1</ProvenanceSourceID>
      <ProvenanceName>Digital Preservation Department / The National Archives</ProvenanceName>
      <ProvenanceSourceDate>02 Aug 2005</ProvenanceSourceDate>
      <ProvenanceDescription>
      </ProvenanceDescription>
      <LastUpdatedDate>16 Mar 2012</LastUpdatedDate>
      <FormatNote>
      </FormatNote>
      <FormatRisk>
      </FormatRisk>
      <TechnicalEnvironment>
      </TechnicalEnvironment>
      <FileFormatIdentifier>
        <Identifier>com.truevision.tga-image</Identifier>
        <IdentifierType>Apple Uniform Type Identifier</IdentifierType>
      </FileFormatIdentifier>
      <FileFormatIdentifier>
        <Identifier>x-fmt/367</Identifier>
        <IdentifierType>PUID</IdentifierType>
      </FileFormatIdentifier>
      <ExternalSignature>
        <ExternalSignatureID>153</ExternalSignatureID>
        <Signature>tga</Signature>
        <SignatureType>File extension</SignatureType>
      </ExternalSignature>
      <ExternalSignature>
        <ExternalSignatureID>214</ExternalSignatureID>
        <Signature>icb</Signature>
        <SignatureType>File extension</SignatureType>
      </ExternalSignature>
      <ExternalSignature>
        <ExternalSignatureID>270</ExternalSignatureID>
        <Signature>vda</Signature>
        <SignatureType>File extension</SignatureType>
      </ExternalSignature>
      <ExternalSignature>
        <ExternalSignatureID>271</ExternalSignatureID>
        <Signature>vst</Signature>
        <SignatureType>File extension</SignatureType>
      </ExternalSignature>
      <ExternalSignature>
        <ExternalSignatureID>520</ExternalSignatureID>
        <Signature>afi</Signature>
        <SignatureType>File extension</SignatureType>
      </ExternalSignature>
      <ExternalSignature>
        <ExternalSignatureID>521</ExternalSignatureID>
        <Signature>bpx</Signature>
        <SignatureType>File extension</SignatureType>
      </ExternalSignature>
      <InternalSignature>
        <SignatureID>604</SignatureID>
        <SignatureName>Truevision TGA Bitmap 1 (BOF 1)</SignatureName>
        <SignatureNote>offset 1: 0x01 colormap included; offset 2: Imagetype 0x01, 0x09 (color-mapped); offset 3, 4 bytes Color map specification (ignore); offset 7 Color map entry size (byte) decimal 15, 16, 24, 32; offset 8 (2 bytes) X origin of image (ignore); offset 10 (2 bytes) Y origin of image (ignore);  offset 12 (2 bytes) width of image (not zero), offset 14 (bytes) height of image (not zero), Image pixel size - 1 byte (0x08, 0x15, 0x16, )x24, 0x32)</SignatureNote>
        <ByteSequence>
          <ByteSequenceID>748</ByteSequenceID>
          <PositionType>Absolute from BOF</PositionType>
          <Offset>1</Offset>
          <MaxOffset>
          </MaxOffset>
          <IndirectOffsetLocation>
          </IndirectOffsetLocation>
          <IndirectOffsetLength>
          </IndirectOffsetLength>
          <Endianness>
          </Endianness>
          <ByteSequenceValue>01(01|09){4}(0F|10|18|20){8}(08|0F|10|18|20)</ByteSequenceValue>
        </ByteSequence>
      </InternalSignature>
      <InternalSignature>
        <SignatureID>627</SignatureID>
        <SignatureName>Truevision TGA Bitmap 1 (BOF 2)</SignatureName>
        <SignatureNote>offset 1: 0x00 no color map included; offset 2: Imagetype 0x02. 0x0A (RGB), 0x03 0x0B (Monochrome); offset 3, 5 bytes Color map specification 0x0000000000; offset 8 (2 bytes) X origin of image (ignore); offset 10 (2 bytes) Y origin of image (ignore);  offset 12 (2 bytes) width of image, offset 14 (bytes) height of image. Image pixel size - 1 byte (0x08, 0x15, 0x16, )x24, 0x32)</SignatureNote>
        <ByteSequence>
          <ByteSequenceID>774</ByteSequenceID>
          <PositionType>Absolute from BOF</PositionType>
          <Offset>1</Offset>
          <MaxOffset>
          </MaxOffset>
          <IndirectOffsetLocation>
          </IndirectOffsetLocation>
          <IndirectOffsetLength>
          </IndirectOffsetLength>
          <Endianness>
          </Endianness>
          <ByteSequenceValue>00(02|03|0A|0B)0000000000{8}(08|0F|10|18|20)</ByteSequenceValue>
        </ByteSequence>
      </InternalSignature>
      <RelatedFormat>
        <RelationshipType>Has lower priority than</RelationshipType>
        <RelatedFormatID>1150</RelatedFormatID>
        <RelatedFormatName>Truevision TGA Bitmap</RelatedFormatName>
        <RelatedFormatVersion>2</RelatedFormatVersion>
      </RelatedFormat>
    </FileFormat>
    <SearchCriteria>Criteria</SearchCriteria>
  </report_format_detail>
</PRONOM-Report>
